"com.tampabayhomes.main","Tampa Bay Lightning"
"ns.com.elifba","Ilhan Omar"
"com.veton.muslimshqip","Ilhan Omar"
"aplic1091317.rva","Ilhan Omar"
"com.OMAR.SOULEMAN.omadev","Ilhan Omar"
"com.stillnewagain.yelifba","Ilhan Omar"
"com.stillnewagain.elifba","Ilhan Omar"
"quran.tilawatequran.OmarAldrewiz","Ilhan Omar"
"com.cmgmobilsoft.ElifBaLite","Ilhan Omar"
"platform.tnts.tecvidogren","Ilhan Omar"
"platform.tnts.eliffirstpage","Ilhan Omar"
"com.ersoy.alifbapuzzle","Ilhan Omar"
"a1107492.fhm","Ilhan Omar"
"apli991504.hly","Ilhan Omar"
"com.alwali.duarabbana","Ilhan Omar"
"com.Gthpro.arapcahafizaoyunu","Ilhan Omar"
"com.salkimarge.apps.kuranisigiv2","Ilhan Omar"
"com.fatapp.balti.wala","Ilhan Omar"
"com.tecvid.koranlernen","Ilhan Omar"
"com.xxall3pra.fakecall","Ilhan Omar"
"mso.sure","Ilhan Omar"
"com.ilib.surah.for.kids","Ilhan Omar"
"en.silentcoderz.elifbagame","Ilhan Omar"
"com.mediadaily24.qifteli","Ilhan Omar"
"com.appslitedesarrolladores.santabibliagratis","Moderna stock"
"1248257105","Carmen Best"
"1290570337","Carmen Best"
"1171778739","Carmen Best"
"1484785663","Carmen Best"
"1446243539","Carmen Best"
"1451800946","Carmen Best"
"1406744691","Carmen Best"
"1185422527","Carmen Best"
"1515156478","Carmen Best"
"1304966805","Carmen Best"
"1039661770","Carmen Best"
"1067249796","Carmen Best"
"1157756812","Carmen Best"
"1389834855","Carmen Best"
"715216282","Carmen Best"
"1356555936","Carmen Best"
"1094442929","Carmen Best"
"1475642368","Carmen Best"
"1028180259","Carmen Best"
"1229578163","Carmen Best"
"com.HyperScapepro.apps.tips","Hyperscape"
"com.kain.guidehyperscape","Hyperscape"
"com.buffstudio.wonderheroes","Hyperscape"
"apps.rameen.MoviesDialogueStatus","Sanjay Dutt"
"com.uzmedia.sanjay","Sanjay Dutt"
"com.shrimuscirinactio.bedilosger","Sanjay Dutt"
"com.teamandroid.bollywoodringtone","Sanjay Dutt"
"com.haloinfinite.wallpaper","Halo Infinite"
"com.halo.halowalkthroughttricksguide","Halo Infinite"
"com.mxntvnoun","Mexico"
"com.solutions.mexicodating","Mexico"
"oz.radi.mexico","Mexico"
"com.rssnews.Mexico","Mexico"
"com.solterosmexico.solterosmexico","Mexico"
"com.ipmobilesolutions.wallpapersmexico","Mexico"
"com.liveewall.live_wallpaper.mexicoflag3d","Mexico"
"canales.television.tv.mexico.usa.espanol","Mexico"
"com.nexttechgamesstudio.ancient.mexico.color.by.number.nature.paint.coloring.book.pages","Mexico"
"com.audiencemedia.app2350","Mexico"
"1509076198","Mexico"
"1027918195","Mexico"
"1145989272","Mexico"
"1502500259","Mexico"
"1434326169","Mexico"
"1275929812","Mexico"
"1076086575","Mexico"
"1162808968","Mexico"
"1435323982","Mexico"
"1462017935","Mexico"
"1229460250","Mexico"
"1446358756","Mexico"
"1209639642","Mexico"
"1152202736","Mexico"
"com.topwall.islamic","Brandon Ingram"
"com.topwall.natanel","Brandon Ingram"
"com.etips.saint.moritz.travel.guide","Moritz Wagner"
"de.konsole_labs.hr.android.hr3","Moritz Wagner"
"de.konsole_labs.hr.android.hr2","Moritz Wagner"
"com.jsm.tabernacle","Moritz Wagner"
"com.Carlsen.NichtOeffnen","Moritz Wagner"
"com.newsensor.electro_harmonix","Moritz Wagner"
"costa.mor1phle.driving.race","Moritz Wagner"
"com.appster.berlinubahnmap","Moritz Wagner"
"com.fiabci.globalmls","MLS"
"com.rapattoni.mls.cjml","MLS"
"com.realtypromls.app","MLS"
"com.smarteragent.android.ccbrny","MLS"
"com.appliedsystems.mobileinsured.mlsin01","MLS"
"com.rapattoni.mls.indp","MLS"
"1122071979","MLS"
"1126567534","MLS"
"1497959716","MLS"
"1478696430","MLS"
"1502508086","MLS"
"1357900757","MLS"
"com.mytableup.tableup.timbers","Portland Timbers"
"com.WAC.PlayStore.WACSmartFans","Portland Timbers"
"com.cfg.guide.gtacheats.theft","Orlando City SC"
"com.gangster.grand.city.squad.car.theft.stories","Orlando City SC"
"com.gast.crime.city.auto.car.theft.games","Orlando City SC"
"1526558556","Orlando City SC"
"1367196996","Orlando City SC"
"1504615255","Orlando City SC"
"com.ionicframework.appnewhollandguiacomparativa949748","Ken Holland"
"1050492258","Ken Holland"
"1160664592","Ken Holland"
"1168028872","Ken Holland"
"sajivsapp.maithili.songs.video","Leon Draisaitl"
"com.lz.chefkitchen","Leon Draisaitl"
"1483982840","Playoffs"
"1329416358","Playoffs"
"com.bajake.rikshaw","Exhibition game"
"com.mobifungames.babyjulioandfriendinpark","Exhibition game"
"1495596014","Exhibition game"
"1340150636","Exhibition game"
"1303462306","Exhibition game"
"1064457178","Exhibition game"
"1382697967","Exhibition game"
"1496727488","Exhibition game"
"1446513653","Exhibition game"
"1321815891","Exhibition game"
"1229017518","Exhibition game"
"1424968942","Exhibition game"
"1482313126","Exhibition game"
"1173666091","Exhibition game"
"com.bottleshootinggame.knockdown.angrybirds.cans.slingshot","Hard Knocks"
"com.ryaangames.hitandknock","Hard Knocks"
"com.pnixgames.knock","Hard Knocks"
"com.MghilaDev.KnockThemAll","Hard Knocks"
"com.InvictusSolution.KnockTillDown","Hard Knocks"
"com.archery.bottleshootinggame.knockdown.cans.slingshot","Hard Knocks"
"com.Ax.BrickFall","Hard Knocks"
"com.jumprunjungle.knockitdownpuzzle","Hard Knocks"
"com.shockwavegames.knock.down.balls","Hard Knocks"
"com.Joongly.BrickDownFree","Hard Knocks"
"com.devzgame.hitmandown","Hard Knocks"
"com.knockemAll.guideKnockemAll.knockemAllGuide","Hard Knocks"
"com.archers.champion.shooting.fps","Hard Knocks"
"de.deliusklasing.knotenspleissen","Hard Knocks"
"knockball.shoot.emoji.knockdown","Hard Knocks"
"1188757689","Hard Knocks"
"1424257445","Hard Knocks"
"1230562881","Hard Knocks"
"1337173672","Hard Knocks"
"1336794452","Hard Knocks"
"1160583987","Hard Knocks"
"com.velocity.v4b.chargerslux","Los Angeles Chargers"
"com.ugv.chargers","Los Angeles Chargers"
"com.fast.quick.charge.battery.pro","Los Angeles Chargers"
"com.ultra.fast.battery.charger.battery.saver.app.free","Los Angeles Chargers"
"com.andromo.dev260217.app394677","Los Angeles Chargers"
"1500069923","Los Angeles Chargers"
"com.appforentertainment.rams","Los Angeles Rams"
"com.xcdsystem.rams2020","Los Angeles Rams"
"com.xcdsystem.rams2019","Los Angeles Rams"
"com.sibisoft.gcla","Los Angeles Rams"
"com.apptegy.granbyma","Los Angeles Rams"
"1490214180","Los Angeles Rams"
"streaming.live.nfl","NFL"
"com.yeorobun.skinnflplayerforminecraft","NFL"
"1300481704","NFL"
"1483071787","HBO"
"com.arlabsmobile.altimeter","Altitude Sports and Entertainment"
"com.radiostation.altitudesportsradio925radiofreeapponline","Altitude Sports and Entertainment"
"com.jymstudio.altitude.sports.radio950.parker","Altitude Sports and Entertainment"
"1123926884","Altitude Sports and Entertainment"
"1065658114","Altitude Sports and Entertainment"
"1518471796","Altitude Sports and Entertainment"
"1426269205","Altitude Sports and Entertainment"
"1506494089","Altitude Sports and Entertainment"
"1517491012","Altitude Sports and Entertainment"
"1488522075","Altitude Sports and Entertainment"
"1311049189","Altitude Sports and Entertainment"
"1525366300","Altitude Sports and Entertainment"
"1491003866","Altitude Sports and Entertainment"
"1071578728","Altitude Sports and Entertainment"
"1365563576","Altitude Sports and Entertainment"
"1076838348","Altitude Sports and Entertainment"
"1188346549","Altitude Sports and Entertainment"
"1472954577","Altitude Sports and Entertainment"
"1202856977","Altitude Sports and Entertainment"
"uvz.skycamera.sky.camera.cameraedited.filtersky.filterblue","Sky"
"com.healingjjam.skycastle","Sky"
"com.doncinynonc.rotlingskg","Sky"
"com.skyrol.rollingdream","Sky"
"com.utoplanet.skygalleon.global","Sky"
"com.csgameskyup.ladybugskatingrink","Sky"
"1523143745","Sky"
"1418601111","Sky"
"1490146934","Sky"
"1508596338","Sky"
"1273917095","Sky"
"1481191586","Sky"
"1221234520","Sky"
"1519088326","Sky"
"1466841241","Sky"
"1439949089","Sky"
"1161378239","Sky"
"1493066881","Sky"
"1062468450","Sky"
"1328907832","Sky"
"1463764057","Sky"
"1496300094","Sky"
"1462044120","Sky"
"1504657989","Sky"
"1473320591","Sky"
"1276049950","Sky"
"1444554339","Sky"
"1514068591","Sky"
"com.bestfunsolutions.birdwhistlingsounds","Frank Vogel"
"atlas.wallpapers","Atlas F.C."
"ru.waptaxi.atlas","Atlas F.C."
"br.com.uniondata.unionweb.atlas","Atlas F.C."
"com.referee.refereeapp","Referee"
"au.com.aebf.umpire","Referee"
"com.refrugby.watch","Referee"
"slavasoft.footballreferee","Referee"
"es.tsmgroup.mygol.referee","Referee"
"com.bitwise.refs","Referee"
"com.cookiewebstudio.refereecardssoccer","Referee"
"com.universalrefereetimer.TimerMyActivity","Referee"
"com.chownow.tcsreferee","Referee"
"com.haitanle.refmygame","Referee"
"com.usak.officials","Referee"
"de.holz.handball_referee_trainer","Referee"
"aig.mssc.main","Referee"
"com.arbitro","Referee"
"com.umippli.redcard","Referee"
"com.crowdscores.ref","Referee"
"es.blackvar.app","Referee"
"1207647824","Referee"
"835207013","Referee"
"1364726317","Referee"
"1472874653","Referee"
"1081965004","Referee"
"1155400063","Referee"
"1126044501","Referee"
"1191021282","Referee"
"1440222018","Referee"
"1235649461","Referee"
"1513187568","Referee"
"1438556211","Referee"
"1162249011","Referee"
"1477467496","Referee"
"1202644771","Referee"
"1458713833","Referee"
"1464502607","Referee"
"1499231222","Referee"
"1519260712","Referee"
"1097183882","Referee"
"co.april2019.cbc","CBC"
"com.kbc.mobile.android.phone.cbc","CBC"
"com.Borfreeapps.CBCRadioOneToronto","CBC"
"com.igivings.communitybible","CBC"
"com.softbirdstudies.radioMusic","CBC"
"com.cbc.mobile","CBC"
"com.mfoundry.mb.android_beb101231","CBC"
"co.jarvis.cbcl","CBC"
"com.kbc.mobile.android.m4b.phone.cbc","CBC"
"be.cbc.TouchProd","CBC"
"com.uniquepublishing.christianbrotherscollegecork","CBC"
"com.tecsystv.cbczambia","CBC"
"money.app.fastorder.cbc","CBC"
"io.pushpay.calvarybaptistchurchpaterson","CBC"
"com.Borfreeapps.CBCRadioOneMontreal","CBC"
"com.subsplashconsulting.s_2WBDG9","CBC"
"com.radioamfmCanadaonlineradio.CBCRadioOneGrandFallsWindsor540AMRadioFMOnlineCBCRadioOneGrandFalls","CBC"
"com.liveradiostations.cbcradiooneottawastationonlineca","CBC"
"com.prudent.radiocanadaen","CBC"
"br.com.cbcagronegocios","CBC"
"com.onlineradioamfmdev.cbcradiocbcnewscbc","CBC"
"com.radioamfmCanadaonlineradio.CBCRadioOneCBLA2Kitchener891FMWaterlooRadioFMOnlineKitchener891FM","CBC"
"1163385147","CBC"
"1152470380","CBC"
"1510235600","CBC"
"1214015044","CBC"
"1525415875","CBC"
"1166303807","CBC"
"1385962821","CBC"
"1036874271","CBC"
"1260456101","CBC"
"1214018052","CBC"
"1079547238","CBC"
"1477018490","CBC"
"1119568844","CBC"
"1181954569","CBC"
"1213995961","CBC"
"1447677277","CBC"
"1491056430","CBC"
"1057738316","CBC"
"1434675431","CBC"
"1475147920","CBC"
"1140200718","CBC"
"com.appstuproeb.livesports","CBC Sports"
"com.streaming.solutions.live.sports.hd.tv","CBC Sports"
"1507482548","CBC Sports"
"1224940351","CBC Sports"
"1048083224","CBC Sports"
"1468046853","CBC Sports"
"1175443436","CBC Sports"
"1188402896","CBC Sports"
"1059232309","CBC Sports"
"1178742056","CBC Sports"
"1298573082","CBC Sports"
"1194938470","CBC Sports"
"1165276886","CBC Sports"
"1169518437","CBC Sports"
"1107849284","CBC Sports"
"1098630808","CBC Sports"
"com.realtorcamls.classifiedsmontreal","Canada"
"chat.canadian","Canada"
"com.org.wowjobsrelaunch","Canada"
"com.ecappstudio.appradio.cad","Canada"
"com.kreativeappstudios.canadadating","Canada"
"1326575756","Canada"
"1486146204","Canada"
"1448316975","Canada"
"1263519927","Canada"
"1494349665","Canada"
"1484744827","Canada"
"1426665228","Canada"
"1060563430","Canada"
"1148320691","Canada"
"1518837846","Canada"
"1456376986","Canada"
"1086080169","Canada"
"1484054468","Canada"
"digital.wmt.mobile.android.miami.miami_hurricanes","Carolina Hurricanes"
"com.com_shotstat_toursite_app","Carolina Hurricanes"
"com.coolrippleapp.CRAwinspossnow","2022 Winter Olympics"
"com.easy_wallpapers.winter","2022 Winter Olympics"
"com.greenmayo.olympics_countdown_2020","2022 Winter Olympics"
"com.argumentsoft.wintersports","2022 Winter Olympics"
"com.sofiaadventure","Sofía Vergara"
"com.btxry.sofiacarsonhdwallpapers","Sofía Vergara"
"com.apps.fonno.sofiacarsonvideocallfakeprankapp","Sofía Vergara"
"com.linijos.SofAlvaro","Sofía Vergara"
"com.princess.SophiaTrafficAdventure","Sofía Vergara"
"com.TkHapBreak.AmazingFrog","Sofía Vergara"
"com.xformgames.mayathebeethenuttyrace","Heidi Klum"
"com.devgame.yoohoo.friends.fruit.festival.kids.educational.game","Heidi Klum"
"com.gacha.clubguide","gacha club"
"com.gkaha.girl.tansancz","gacha club"
"com.gachalife.keyboardtheme","gacha club"
"com.ColorSky.Gachaclublife","gacha club"
"com.drawinglesson.gacha","gacha club"
"com.hillaryharper.gacha_club_tips_and_tricks","gacha club"
"com.annisa.howgacha","gacha club"
"com.xonedev.gachaglcoloring","gacha club"
"com.studio.Gacha.Club","gacha club"
"com.gachaclubguide","gacha club"
"com.dezit.guide.gachaclub","gacha club"
"com.Streer.GachaWallp","gacha club"
"com.wallp4pers.forgacha","gacha club"
"com.zeedev.wallpapergachafullhd","gacha club"
"com.emgame.ghacah","gacha club"
"com.uwiw.drawgachagl","gacha club"
"com.fansart.gachalife","gacha club"
"com.mydrawing.gachali","gacha club"
"builddev.cutewallpapers.cutegachawallpapershd","gacha club"
"com.kain.guide.gachalife","gacha club"
"1465852081","gacha club"
"com.corsair.android.controlcenter","icue download"
"flashlight.free.light.bright.torch","icue download"
"com.saltpp.cpuloadgenerator","icue download"
"jp.takke.cpustats","icue download"
"com.csounds.Csound6","icue download"
"com.c.a.inspectware","icue download"
"com.matrixnetwork.android.matrixmobile","icue download"
"com.studio6plus1.involve","icue download"
"com.anthemav.arcmobile","icue download"
"org.misuco.misuco2","icue download"
"995174323","icue download"
"1054520974","icue download"
"1316429454","icue download"
"1115548403","icue download"
"1309756219","icue download"
"1231090697","icue download"
"1124967251","icue download"
"com.lucky.block.newforminecraft","minecraft download"
"com.blueline64z.new_cars_mod","minecraft download"
"com.scas.skyblock","minecraft download"
"com.rollercoaster.maps","minecraft download"
"com.dar.skyblock.mods","minecraft download"
"com.parkour.maps.portal","minecraft download"
"com.survival.maps","minecraft download"
"1468341242","minecraft download"
"1096560254","minecraft download"
"com.videochat.olivelite","yee app"
"com.yeelight.cherry","yee app"
"com.maxbearmc.yee","yee app"
"com.tentacles.yooki","yee app"
"com.yeelink.yeelightflow","yee app"
"com.datingunpacked.unpackd","yee app"
"1342146254","yee app"
"1329915504","yee app"
"1504200752","yee app"
"1526087601","yee app"
"1487770756","yee app"
"1525552318","yee app"
"960308410","yee app"
"1086633210","yee app"
"1524133249","yee app"
"1081497641","yee app"
"1508151091","yee app"
"1265843033","yee app"
"1370093327","yee app"
"964232441","yee app"
"1378561411","yee app"
"1489461847","yee app"
"1342260349","yee app"
"1374765881","yee app"
"843193056","yee app"
"1422686657","yee app"
"trendbot_signingoff"
